{
	 "rootnode": {
		 "name": "RootNode"
		,"transformation": [
			 1
			,0
			,0
			,0
			,0
			,1
			,0
			,0
			,0
			,0
			,1
			,0
			,0
			,0
			,0
			,1
		]
		,"children": [
			{
				 "name": "Cube"
				,"transformation": [
					 60000
					,0
					,0
					,0
					,0
					,-0.00977524
					,100
					,0
					,0
					,-60000
					,-1.62921e-005
					,0
					,0
					,0
					,0
					,1
				]
				,"meshes": [
					 0
				]
			}
		]
	}
	,"flags": 8
	,"meshes": [
		{
			 "name": "Cube"
			,"materialindex": 0
			,"primitivetypes": 4
			,"vertices": [
				 1
				,1
				,-1
				,1
				,-1
				,-1
				,-1
				,-1
				,-1
				,-1
				,1
				,-1
				,-0.75
				,-0.75
				,1
				,-1
				,-0.75
				,1
				,-1
				,-1
				,1
				,-0.75
				,-1
				,1
				,1
				,1
				,-1
				,1
				,0.999999
				,1
				,1
				,0.749999
				,1
				,1
				,0.499999
				,1
				,1
				,0.249999
				,1
				,1
				,-5.36442e-007
				,1
				,1
				,-0.250001
				,1
				,1
				,-0.500001
				,1
				,1
				,-0.750001
				,1
				,0.999999
				,-1
				,1
				,1
				,-1
				,-1
				,1
				,-1
				,-1
				,0.999999
				,-1
				,1
				,0.749999
				,-1
				,1
				,0.499999
				,-1
				,1
				,0.249999
				,-1
				,1
				,-5.36442e-007
				,-1
				,1
				,-0.250001
				,-1
				,1
				,-0.5
				,-1
				,1
				,-0.75
				,-1
				,1
				,-1
				,-1
				,1
				,-1
				,-1
				,-1
				,-1
				,-1
				,-1
				,-1
				,-1
				,1
				,-1
				,-0.75
				,1
				,-1
				,-0.5
				,1
				,-1
				,-0.25
				,1
				,-1
				,1.78814e-007
				,1
				,-1
				,0.25
				,1
				,-1
				,0.5
				,1
				,-1
				,0.75
				,1
				,-1
				,1
				,1
				,-1
				,1
				,-1
				,1
				,0.999999
				,1
				,1
				,1
				,-1
				,-1
				,1
				,-1
				,-1
				,1
				,1
				,-0.75
				,1
				,1
				,-0.5
				,1
				,1
				,-0.25
				,1
				,1
				,2.38419e-007
				,1
				,1
				,0.25
				,1
				,1
				,0.5
				,1
				,1
				,0.75
				,1
				,1
				,0.25
				,-0.75
				,1
				,-4.39584e-007
				,-0.75
				,1
				,-5.36442e-007
				,-1
				,1
				,0.249999
				,-1
				,1
				,0.25
				,0.25
				,1
				,-5.21541e-008
				,0.25
				,1
				,-1.49012e-007
				,-1.78814e-007
				,1
				,0.25
				,-2.68221e-007
				,1
				,-0.75
				,0.25
				,1
				,-1
				,0.25
				,1
				,-1
				,1.78814e-007
				,1
				,-0.75
				,8.9407e-008
				,1
				,0.25
				,-0.25
				,1
				,-2.45869e-007
				,-0.25
				,1
				,-3.42727e-007
				,-0.5
				,1
				,0.25
				,-0.5
				,1
				,-0.75
				,-0.25
				,1
				,-1
				,-0.25
				,1
				,-1
				,-0.5
				,1
				,-0.75
				,-0.5
				,1
				,-0.75
				,0.75
				,1
				,-1
				,0.75
				,1
				,-1
				,0.5
				,1
				,-0.75
				,0.5
				,1
				,0.25
				,0.75
				,1
				,1.41561e-007
				,0.75
				,1
				,4.47035e-008
				,0.5
				,1
				,0.25
				,0.5
				,1
				,0.75
				,0.75
				,1
				,0.5
				,0.75
				,1
				,0.5
				,0.5
				,1
				,0.75
				,0.5
				,1
				,0.75
				,-0.25
				,1
				,0.5
				,-0.25
				,1
				,0.5
				,-0.5
				,1
				,0.75
				,-0.5
				,1
				,0.75
				,0.25
				,1
				,0.5
				,0.25
				,1
				,0.5
				,-3.57628e-007
				,1
				,0.75
				,-4.47035e-007
				,1
				,0.75
				,-0.75
				,1
				,0.5
				,-0.75
				,1
				,0.499999
				,-1
				,1
				,0.749999
				,-1
				,1
				,-0.25
				,0.75
				,1
				,-0.5
				,0.75
				,1
				,-0.5
				,0.5
				,1
				,-0.25
				,0.5
				,1
				,-0.25
				,-0.25
				,1
				,-0.5
				,-0.25
				,1
				,-0.5
				,-0.5
				,1
				,-0.25
				,-0.5
				,1
				,-0.25
				,0.25
				,1
				,-0.5
				,0.25
				,1
				,-0.5
				,0
				,1
				,-0.25
				,-8.9407e-008
				,1
				,-0.25
				,-0.75
				,1
				,-0.5
				,-0.75
				,1
				,-0.5
				,-1
				,1
				,-0.250001
				,-1
				,1
				,1
				,-0.750001
				,1
				,0.999999
				,-1
				,1
				,1
				,0.249999
				,1
				,1
				,-5.36442e-007
				,1
				,1
				,-0.250001
				,1
				,1
				,-0.500001
				,1
				,1
				,0.749999
				,1
				,1
				,0.499999
				,1
				,-0.5
				,1
				,1
				,-0.75
				,1
				,1
				,2.38419e-007
				,1
				,1
				,-0.25
				,1
				,1
				,0.5
				,1
				,1
				,0.25
				,1
				,1
				,1
				,0.999999
				,1
				,0.75
				,1
				,1
				,-1
				,1
				,1
			]
			,"normals": [
				 0
				,0
				,-1
				,0
				,0
				,-1
				,0
				,0
				,-1
				,0
				,0
				,-1
				,0
				,0
				,1
				,0
				,0
				,1
				,0
				,0
				,1
				,0
				,0
				,1
				,1
				,-2.98023e-007
				,4.28408e-008
				,1
				,-2.98023e-007
				,4.28408e-008
				,1
				,-2.98023e-007
				,4.28408e-008
				,1
				,-2.98023e-007
				,4.28408e-008
				,1
				,-2.98023e-007
				,4.28408e-008
				,1
				,-2.98023e-007
				,4.28408e-008
				,1
				,-2.98023e-007
				,4.28408e-008
				,1
				,-2.98023e-007
				,4.28408e-008
				,1
				,-2.98023e-007
				,4.28408e-008
				,1
				,-2.98023e-007
				,4.28408e-008
				,1
				,-2.98023e-007
				,4.28408e-008
				,-2.83122e-007
				,-1
				,-1.3411e-007
				,-2.83122e-007
				,-1
				,-1.3411e-007
				,-2.83122e-007
				,-1
				,-1.3411e-007
				,-2.83122e-007
				,-1
				,-1.3411e-007
				,-2.83122e-007
				,-1
				,-1.3411e-007
				,-2.83122e-007
				,-1
				,-1.3411e-007
				,-2.83122e-007
				,-1
				,-1.3411e-007
				,-2.83122e-007
				,-1
				,-1.3411e-007
				,-2.83122e-007
				,-1
				,-1.3411e-007
				,-2.83122e-007
				,-1
				,-1.3411e-007
				,-2.83122e-007
				,-1
				,-1.3411e-007
				,-1
				,2.38419e-007
				,-1.21072e-007
				,-1
				,2.38419e-007
				,-1.21072e-007
				,-1
				,2.38419e-007
				,-1.21072e-007
				,-1
				,2.38419e-007
				,-1.21072e-007
				,-1
				,2.38419e-007
				,-1.21072e-007
				,-1
				,2.38419e-007
				,-1.21072e-007
				,-1
				,2.38419e-007
				,-1.21072e-007
				,-1
				,2.38419e-007
				,-1.21072e-007
				,-1
				,2.38419e-007
				,-1.21072e-007
				,-1
				,2.38419e-007
				,-1.21072e-007
				,-1
				,2.38419e-007
				,-1.21072e-007
				,2.38419e-007
				,1
				,1.9744e-007
				,2.38419e-007
				,1
				,1.9744e-007
				,2.38419e-007
				,1
				,1.9744e-007
				,2.38419e-007
				,1
				,1.9744e-007
				,2.38419e-007
				,1
				,1.9744e-007
				,2.38419e-007
				,1
				,1.9744e-007
				,2.38419e-007
				,1
				,1.9744e-007
				,2.38419e-007
				,1
				,1.9744e-007
				,2.38419e-007
				,1
				,1.9744e-007
				,2.38419e-007
				,1
				,1.9744e-007
				,2.38419e-007
				,1
				,1.9744e-007
				,0
				,0
				,1
				,0
				,0
				,1
				,0
				,0
				,1
				,0
				,0
				,1
				,2.38419e-007
				,0
				,1
				,2.38419e-007
				,0
				,1
				,2.38419e-007
				,0
				,1
				,2.38419e-007
				,0
				,1
				,0
				,0
				,1
				,0
				,0
				,1
				,0
				,0
				,1
				,0
				,0
				,1
				,0
				,0
				,1
				,0
				,0
				,1
				,0
				,0
				,1
				,0
				,0
				,1
				,-2.38419e-007
				,0
				,1
				,-2.38419e-007
				,0
				,1
				,-2.38419e-007
				,0
				,1
				,-2.38419e-007
				,0
				,1
				,0
				,0
				,1
				,0
				,0
				,1
				,0
				,0
				,1
				,0
				,0
				,1
				,0
				,0
				,1
				,0
				,0
				,1
				,0
				,0
				,1
				,0
				,0
				,1
				,0
				,0
				,1
				,0
				,0
				,1
				,0
				,0
				,1
				,0
				,0
				,1
				,0
				,0
				,1
				,0
				,0
				,1
				,0
				,0
				,1
				,0
				,0
				,1
				,0
				,0
				,1
				,0
				,0
				,1
				,0
				,0
				,1
				,0
				,0
				,1
				,0
				,0
				,1
				,0
				,0
				,1
				,0
				,0
				,1
				,0
				,0
				,1
				,0
				,0
				,1
				,0
				,0
				,1
				,0
				,0
				,1
				,0
				,0
				,1
				,0
				,0
				,1
				,0
				,0
				,1
				,0
				,0
				,1
				,0
				,0
				,1
				,0
				,0
				,1
				,0
				,0
				,1
				,0
				,0
				,1
				,0
				,0
				,1
				,0
				,0
				,1
				,0
				,0
				,1
				,0
				,0
				,1
				,0
				,0
				,1
				,0
				,0
				,1
				,0
				,0
				,1
				,0
				,0
				,1
				,0
				,0
				,1
				,0
				,0
				,1
				,0
				,0
				,1
				,0
				,0
				,1
				,0
				,0
				,1
				,0
				,0
				,1
				,0
				,0
				,1
				,0
				,0
				,1
				,0
				,0
				,1
				,0
				,0
				,1
				,0
				,0
				,1
				,0
				,0
				,1
				,0
				,0
				,1
				,0
				,0
				,1
			]
			,