{
	 "rootnode": {
		 "name": "suelo.obj"
		,"transformation": [
			 1
			,0
			,0
			,0
			,0
			,1
			,0
			,0
			,0
			,0
			,1
			,0
			,0
			,0
			,0
			,1
		]
		,"children": [
			{
				 "name": "Plane.001"
				,"transformation": [
					 1
					,0
					,0
					,0
					,0
					,1
					,0
					,0
					,0
					,0
					,1
					,0
					,0
					,0
					,0
					,1
				]
				,"meshes": [
					 0
				]
			}
			,{
				 "name": "Plane"
				,"transformation": [
					 1
					,0
					,0
					,0
					,0
					,1
					,0
					,0
					,0
					,0
					,1
					,0
					,0
					,0
					,0
					,1
				]
				,"meshes": [
					 1
				]
			}
		]
	}
	,"flags": 8
	,"meshes": [
		{
			 "name": ""
			,"materialindex": 1
			,"primitivetypes": 4
			,"vertices": [
				 -1
				,-0.205645
				,1
				,-1
				,-0.205645
				,-1
				,1
				,-0.205645
				,-1
				,1
				,-0.205645
				,1
				,-1
				,-0.001178
				,1
				,1
				,-0.001178
				,1
				,1
				,-0.001178
				,-1
				,-1
				,-0.001178
				,-1
				,-1
				,-0.205645
				,-1
				,-1
				,-0.205645
				,1
				,-1
				,-0.001178
				,1
				,-1
				,-0.001178
				,-1
				,1
				,-0.205645
				,-1
				,-1
				,-0.205645
				,-1
				,-1
				,-0.001178
				,-1
				,1
				,-0.001178
				,-1
				,-1
				,-0.205645
				,1
				,1
				,-0.205645
				,1
				,1
				,-0.001178
				,1
				,-1
				,-0.001178
				,1
				,1
				,-0.205645
				,1
				,1
				,-0.205645
				,-1
				,1
				,-0.001178
				,-1
				,1
				,-0.001178
				,1
			]
			,"normals": [
				 0
				,-1
				,0
				,0
				,-1
				,0
				,0
				,-1
				,0
				,0
				,-1
				,0
				,0
				,1
				,0
				,0
				,1
				,0
				,0
				,1
				,0
				,0
				,1
				,0
				,-1
				,0
				,0
				,-1
				,0
				,0
				,-1
				,0
				,0
				,-1
				,0
				,0
				,0
				,0
				,-1
				,0
				,0
				,-1
				,0
				,0
				,-1
				,0
				,0
				,-1
				,0
				,0
				,1
				,0
				,0
				,1
				,0
				,0
				,1
				,0
				,0
				,1
				,1
				,0
				,0
				,1
				,0
				,0
				,1
				,0
				,0
				,1
				,0
				,0
			]
			,"tangents": [
				 "NaN"
				,"NaN"
				,"NaN"
				,"NaN"
				,"NaN"
				,"NaN"
				,"NaN"
				,"NaN"
				,"NaN"
				,"NaN"
				,"NaN"
				,"NaN"
				,0.99974
				,0
				,0.022815
				,0.999839
				,0
				,0.017945
				,0.99974
				,0
				,0.022815
				,0.99974
				,0
				,0.022815
				,0
				,0.977263
				,0.212029
				,0
				,0.87331
				,0.487165
				,0
				,0.977263
				,0.212029
				,0
				,0.977263
				,0.212029
				,1
				,0.000363657
				,0
				,0.999939
				,0.0110343
				,0
				,1
				,0.000363657
				,0
				,1
				,0.000363657
				,0
				,0.996586
				,0.0825616
				,0
				,0.995021
				,-0.0996623
				,0
				,0.996586
				,0.0825616
				,0
				,0.996586
				,0.0825616
				,0
				,0
				,-0.965177
				,0.261599
				,0
				,-0.783697
				,0.621144
				,0
				,-0.965177
				,0.261599
				,0
				,-0.965177
				,0.261599
			]
			,"bitangents": [
				 "NaN"
				,"NaN"
				,"NaN"
				,"NaN"
				,"NaN"
				,"NaN"
				,"NaN"
				,"NaN"
				,"NaN"
				,"NaN"
				,"NaN"
				,"NaN"
				,-0.00420767
				,0
				,0.999991
				,-0.00769476
				,0
				,0.99997
				,-0.00420767
				,0
				,0.999991
				,-0.00420767
				,0
				,0.999991
				,0
				,0.00133222
				,0.999999
				,0
				,0
				,1
				,0
				,0.00133222
				,0.999999
				,0
				,0.00133222
				,0.999999
				,-0.507863
				,0.861438
				,0
				,-0.327767
				,0.944759
				,0
				,-0.507863
				,0.861438
				,0
				,-0.507863
				,0.861438
				,0
				,0.233785
				,-0.972288
				,0
				,-0.689052
				,-0.724712
				,0
				,0.233785
				,-0.972288
				,0
				,0.233785
				,-0.972288
				,0
				,0
				,-0.00300135
				,0.999996
				,0
				,1.22881e-007
				,1
				,0
				,-0.00300135
				,0.999996
				,0
				,-0.00300135
				,0.999996
			]
			,"numuvcomponents": [
				 2
			]
			,"texturecoords": [
				[
					 0
					,0
					,0
					,0
					,0
					,0
					,0
					,0
					,0.026123
					,0.030083
					,0.95959
					,0.0465
					,0.952407
					,0.961203
					,0.022209
					,0.940428
					,9.5e-005
					,0.907937
					,9.5e-005
					,9.5e-005
					,0.941156
					,0.051869
					,0.953581
					,0.927356
					,0.900004
					,0.999905
					,9.5e-005
					,0.907937
					,0.032013
					,0.055896
					,0.955675
					,0.059242
					,9.5e-005
					,9.5e-005
					,0.900005
					,0.092063
					,0.812531
					,0.185934
					,0.019587
					,0.979974
					,0.900005
					,0.092063
					,0.900004
					,0.999905
					,0.056983
					,0.926344
					,0.031485
					,0.068287
				]
			]
			,"faces": [
				[
					 0
					,1
					,2
				]
				,[
					 0
					,2
					,3
				]
				,[
					 4
					,5
					,6
				]
				,[
					 4
					,6
					,7
				]
				,[
					 8
					,9
					,10
				]
				,[
					 8
					,10
					,11
				]
				,[
					 12
					,13
					,14
				]
				,[
					 12
					,14
					,15
				]
				,[
					 16
					,17
					,18
				]
				,[
					 16
					,18
					,19
				]
				,[
					 20
					,21
					,22
				]
				,[
					 20
					,22
					,23
				]
			]
		}
		,{
			 "name": ""
			,"materialindex": 2
			,"primitivetypes": 4
			,"vertices": [
				 -1
				,0
				,1
				,1
				,0
				,1
				,1
				,0
				,-1
				,-1
				,0
				,-1
			]
			,"normals": [
				 0
				,1
				,0
				,0
				,1
				,0
				,0
				,1
				,0
				,0
				,1
				,0
			]
			,"faces": [
				[
					 0
					,1
					,2
				]
				,[
					 0
					,2
					,3
				]
			]
		}
	]
	,"materials": [
		{
			 "properties": [
				{
					 "key": "?mat.name"
					,"semantic": 0
					,"index": 0
					,"type": 3
					,"value": "DefaultMaterial"
				}
				,{
					 "key": "$mat.shadingm"
					,"semantic": 0
					,"index": 0
					,"type": 4
					,"value": 2
				}
				,{
					 "key": "$clr.ambient"
					,"semantic": 0
					,"index": 0
					,"type": 1
					,"value": [
						 0
						,0
						,0
					]
				}
				,{
					 "key": "$clr.diffuse"
					,"semantic": 0
					,"index": 0
					,"type": 1
					,"value": [
						 0.6
						,0.6
						,0.6
					]
				}
				,{
					 "key": "$clr.specular"
					,"semantic": 0
					,"index": 0
					,"type": 1
					,"value": [
						 0
						,0
						,0
					]
				}
				,{
					 "key": "$mat.shininess"
					,"semantic": 0
					,"index": 0
					,"type": 1
					,"value": 0
				}
				,{
					 "key": "$mat.opacity"
					,"semantic": 0
					,"index": 0
					,"type": 1
					,"value": 1
				}
				,{
					 "key": "$mat.refracti"
					,"semantic": 0
					,"index": 0
					,"type": 1
					,"value": 1
				}
			]
		}
		,{
			 "properties": [
				{
					 "key": "?mat.name"
					,"semantic": 0
					,"index": 0
					,"type": 3
					,"value": "BajoTierra"
				}
				,{
					 "key": "$mat.shadingm"
					,"semantic": 0
					,"index": 0
					,"type": 4
					,"value": 3
				}
				,{
					 "key": "$clr.ambient"
					,"semantic": 0
					,"index": 0
					,"type": 1
					,"value": [
						 1
						,1
						,1
					]
				}
				,{
					 "key": "$clr.diffuse"
					,"semantic": 0
					,"index": 0
					,"type": 1
					,"value": [
						 0.64
						,0.64
						,0.64
					]
				}
				,{
					 "key": "$clr.specular"
					,"semantic": 0
					,"index": 0
					,"type": 1
					,"value": [
						 0.5
						,0.5
						,0.5
					]
				}
				,{
					 "key": "$mat.shininess"
					,"semantic": 0
					,"index": 0
					,"type": 1
					,"value": 384.314
				}
				,{
					 "key": "$mat.opacity"
					,"semantic": 0
					,"index": 0
					,"type": 1
					,