{
	 "rootnode": {
		 "name": "RootNode"
		,"transformation": [
			 1
			,0
			,0
			,0
			,0
			,1
			,0
			,0
			,0
			,0
			,1
			,0
			,0
			,0
			,0
			,1
		]
		,"children": [
			{
				 "name": "Cube"
				,"transformation": [
					 869.197
					,0
					,0
					,54.2715
					,0
					,-0.00014161
					,58.7817
					,55.455
					,0
					,-869.197
					,-9.57675e-006
					,-88.4955
					,0
					,0
					,0
					,1
				]
				,"meshes": [
					 0
				]
			}
			,{
				 "name": "Lamp"
				,"transformation": [
					 -29.0865
					,56.6393
					,77.1101
					,1295.27
					,-5.5189
					,79.4672
					,-60.4525
					,336.943
					,-95.5171
					,-21.8391
					,-19.9883
					,-100.545
					,0
					,0
					,0
					,1
				]
			}
			,{
				 "name": "Camera"
				,"transformation": [
					 -65.1558
					,-32.4013
					,68.5921
					,748.113
					,-44.5271
					,89.5396
					,-1.19209e-005
					,534.367
					,-61.417
					,-30.5421
					,-72.7676
					,650.764
					,0
					,0
					,0
					,1
				]
			}
		]
	}
	,"flags": 8
	,"meshes": [
		{
			 "name": "Cube.001"
			,"materialindex": 0
			,"primitivetypes": 4
			,"vertices": [
				 -1
				,-1
				,-1
				,-1
				,-1
				,1
				,-1
				,0
				,1
				,-1
				,1
				,1
				,-1
				,1
				,-1
				,-1
				,1
				,-1
				,-1
				,1
				,1
				,0
				,1
				,1
				,1
				,1
				,1
				,1
				,1
				,-1
				,1
				,1
				,-1
				,1
				,1
				,1
				,1
				,0
				,1
				,1
				,-1
				,1
				,1
				,-1
				,-1
				,1
				,-1
				,-1
				,1
				,-1
				,1
				,0
				,-1
				,1
				,-1
				,-1
				,1
				,-1
				,-1
				,-1
				,-1
				,1
				,-1
				,1
				,1
				,-1
				,1
				,-1
				,-1
				,-1
				,-1
				,-1
				,0
				,0
				,1
				,-1
				,0
				,1
				,-1
				,-1
				,1
				,0
				,-1
				,1
				,1
				,0
				,1
				,1
				,-1
				,1
				,1
				,1
				,1
				,0
				,1
				,1
				,-1
				,1
				,1
			]
			,"normals": [
				 -1
				,0
				,0
				,-1
				,0
				,0
				,-1
				,0
				,0
				,-1
				,0
				,0
				,-1
				,0
				,0
				,0
				,1
				,0
				,0
				,1
				,0
				,0
				,1
				,0
				,0
				,1
				,0
				,0
				,1
				,0
				,1
				,0
				,0
				,1
				,0
				,0
				,1
				,0
				,0
				,1
				,0
				,0
				,1
				,0
				,0
				,0
				,-1
				,0
				,0
				,-1
				,0
				,0
				,-1
				,0
				,0
				,-1
				,0
				,0
				,-1
				,0
				,0
				,0
				,-1
				,0
				,0
				,-1
				,0
				,0
				,-1
				,0
				,0
				,-1
				,0
				,0
				,1
				,0
				,0
				,1
				,0
				,0
				,1
				,0
				,0
				,1
				,0
				,0
				,1
				,0
				,0
				,1
				,0
				,0
				,1
				,0
				,0
				,1
				,0
				,0
				,1
			]
			,"tangents": [
				 0
				,0.996899
				,0.0786981
				,0
				,0.426324
				,-0.904571
				,0
				,0.417327
				,-0.908757
				,0
				,0.417327
				,-0.908757
				,0
				,0.417327
				,-0.908757
				,0.994511
				,0
				,0.104636
				,0.999779
				,0
				,-0.0210483
				,0.999793
				,0
				,0.0203233
				,0.999793
				,0
				,0.0203233
				,0.999793
				,0
				,0.0203233
				,0
				,-0.994196
				,0.107581
				,0
				,0.418616
				,0.908163
				,0
				,0.425468
				,0.904973
				,0
				,0.425468
				,0.904973
				,0
				,0.425468
				,0.904973
				,0.99718
				,0
				,-0.0750435
				,1
				,0
				,8.4808e-007
				,0.999863
				,0
				,0.0165254
				,0.999863
				,0
				,0.0165254
				,0.999863
				,0
				,0.0165254
				,"NaN"
				,"NaN"
				,"NaN"
				,"NaN"
				,"NaN"
				,"NaN"
				,"NaN"
				,"NaN"
				,"NaN"
				,"NaN"
				,"NaN"
				,"NaN"
				,1
				,1.4308e-007
				,0
				,1
				,2.38466e-007
				,0
				,1
				,1.19233e-007
				,0
				,1
				,1.19233e-007
				,0
				,1
				,1.19233e-007
				,0
				,1
				,1.19233e-007
				,0
				,1
				,1.19233e-007
				,0
				,1
				,7.94888e-008
				,0
				,1
				,4.76933e-007
				,0
			]
			,"bitangents": [
				 0
				,-0.996586
				,-0.0825639
				,0
				,0.999532
				,-0.0305945
				,0
				,0.99944
				,0.0334503
				,0
				,0.99944
				,0.0334503
				,0
				,0.99944
				,0.0334503
				,0.993666
				,0
				,0.112372
				,-0.424051
				,0
				,0.905638
				,-0.422838
				,0
				,0.906205
				,-0.422838
				,0
				,0.906205
				,-0.422838
				,0
				,0.906205
				,0
				,0.996619
				,-0.0821577
				,0
				,0.999763
				,0.0217895
				,0
				,0.999082
				,-0.0428282
				,0
				,0.999082
				,-0.0428282
				,0
				,0.999082
				,-0.0428282
				,0.993608
				,0
				,-0.112885
				,-0.411222
				,0
				,-0.911535
				,-0.411701
				,0
				,-0.911319
				,-0.411701
				,0
				,-0.911319
				,-0.411701
				,0
				,-0.911319
				,"NaN"
				,"NaN"
				,"NaN"
				,"NaN"
				,"NaN"
				,"NaN"
				,"NaN"
				,"NaN"
				,"NaN"
				,"NaN"
				,"NaN"
				,"NaN"
				,1.4308e-007
				,-1
				,0
				,0
				,-1
				,0
				,2.38466e-007
				,-1
				,0
				,1.58978e-007
				,-1
				,0
				,0
				,-1
				,0
				,0
				,-1
				,0
				,0
				,-1
				,0
				,0
				,-1
				,0
				,1.19233e-007
				,-1
				,0
			]
			,"numuvcomponents": [
				 2
			]
			,"texturecoords": [
				[
					 0.454194
					,0.423306
					,0.00772437
					,0.990246
					,9.1699e-005
					,0.411757
					,0.00817462
					,0.00453656
					,0.491183
					,0.378551
					,0.491183
					,0.378551
					,0.00817462
					,0.00453656
					,0.51369
					,9.1699e-005
					,0.994498
					,0.0042955
					,0.545806
					,0.417902
					,0.545806
					,0.417902
					,0.994498
					,0.0042955
					,0.999908
					,0.429452
					,0.989603
					,0.985561
					,0.508817
					,0.462658
					,0.508817
					,0.462658
					,0.989603
					,0.985561
					,0.501865
					,0.985561
					,0.00772437
					,0.990246
					,0.454194
					,0.423306
					,0
					,0
					,0
					,0
					,0
					,0
					,0
					,0
					,0.5
					,0.5
					,9.998e-005
					,0.5
					,9.998e-005
					,0.000100099
					,0.5
					,0.00010004
					,0.9999
					,0.5
					,0.9999
					,9.998e-005
					,0.9999
					,0.9999
					,0.5
					,0.9999
					,0.00010004
					,0.9999
				]
			]
			,"faces": [
				[
					 4
					,0
					,1
				]
				,[
					 4
					,1
					,2
				]
				,[
					 2
					,3
					,4
				]
				,[
					 9
					,5
					,6
				]
				,[
					 9
					,6
					,7
				]
				,[
					 7
					,8
					,9
				]
				,[
					 14
					,10
					,11
				]
				,[
					 14
					,11
					,12
				]
				,[
					 12
					,13
					,14
				]
				,[
					 19
					,15
					,16
				]
				,[
					 19
					,16
					,17
				]
				,[
					 17
					,18
					,19
				]
				,[
					 20
					,21
					,22
				]
				,[
					 20
					,22
					,23
				]
				,[
					 24
					,25
					,26
				]
				,[
					 24
					,26
					,27
				]
				,[
					 28
					,24
					,27
				]
				,[
					 30
					,31
					,24
				]
				,[
					 30
					,24
					,28
				]
				,[
					 31
					,25
					,24
				]
				,[
					 31
					,32
					,25
				]
				,[
					 28
					,27
					,29
				]
			]
		}
	]
	,"materials": [
		{
			 "properties": [
				{
					 "key": "$clr.diffuse"
					,"semantic": 0
					,"index": 0
					,"type": 1
					,"value": [
						 0.8
						,0.8
						,0.8
					]
				}
				,{
					 "key": "?mat.name"
					,"semantic": 0
					,"index": 0
					,"type": 3
					,"value": "DefaultMaterial"
				}
			]
		}
	]
	,"lights": [
		{
			 "name": "Lamp"
			,"type": 2
			,"attenuationconstant": 0
			,"attenuationlinear": 1
			,"attenuationquadratic": 1
			,