{
	 "rootnode": {
		 "name": "RootNode"
		,"transformation": [
			 1
			,0
			,0
			,0
			,0
			,1
			,0
			,0
			,0
			,0
			,1
			,0
			,0
			,0
			,0
			,1
		]
		,"children": [
			{
				 "name": "Cube"
				,"transformation": [
					 -771.497
					,0
					,0
					,0
					,0
					,0.000129575
					,14.5064
					,13.5549
					,0
					,-795.327
					,2.36339e-006
					,0
					,0
					,0
					,0
					,1
				]
				,"meshes": [
					 0
				]
			}
			,{
				 "name": "Lamp"
				,"transformation": [
					 -29.0865
					,56.6393
					,77.1101
					,407.625
					,-5.5189
					,79.4672
					,-60.4525
					,590.386
					,-95.5171
					,-21.8391
					,-19.9883
					,-100.545
					,0
					,0
					,0
					,1
				]
			}
			,{
				 "name": "Camera"
				,"transformation": [
					 -65.1558
					,-32.4013
					,68.5921
					,748.113
					,-44.5271
					,89.5396
					,-1.19209e-005
					,534.367
					,-61.417
					,-30.5421
					,-72.7676
					,650.764
					,0
					,0
					,0
					,1
				]
			}
		]
	}
	,"flags": 8
	,"meshes": [
		{
			 "name": "Cube"
			,"materialindex": 0
			,"primitivetypes": 4
			,"vertices": [
				 1
				,1
				,-1
				,1
				,-1
				,-1
				,-1
				,-1
				,-1
				,-1
				,1
				,-1
				,1
				,0.999999
				,1
				,-1
				,1
				,1
				,-1
				,-1
				,1
				,0.999999
				,-1
				,1
				,1
				,1
				,-1
				,1
				,0.999999
				,1
				,0.999999
				,-1
				,1
				,1
				,-1
				,-1
				,1
				,-1
				,-1
				,0.999999
				,-1
				,1
				,-1
				,-1
				,1
				,-1
				,-1
				,-1
				,-1
				,-1
				,-1
				,-1
				,-1
				,1
				,-1
				,1
				,1
				,-1
				,1
				,-1
				,1
				,0.999999
				,1
				,1
				,1
				,-1
				,-1
				,1
				,-1
				,-1
				,1
				,1
			]
			,"normals": [
				 0
				,0
				,-1
				,0
				,0
				,-1
				,0
				,0
				,-1
				,0
				,0
				,-1
				,2.98023e-008
				,0
				,1
				,2.98023e-008
				,0
				,1
				,2.98023e-008
				,0
				,1
				,2.98023e-008
				,0
				,1
				,1
				,-2.98023e-007
				,4.47034e-008
				,1
				,-2.98023e-007
				,4.47034e-008
				,1
				,-2.98023e-007
				,4.47034e-008
				,1
				,-2.98023e-007
				,4.47034e-008
				,-2.83122e-007
				,-1
				,-1.78814e-007
				,-2.83122e-007
				,-1
				,-1.78814e-007
				,-2.83122e-007
				,-1
				,-1.78814e-007
				,-2.83122e-007
				,-1
				,-1.78814e-007
				,-1
				,2.38419e-007
				,-1.3411e-007
				,-1
				,2.38419e-007
				,-1.3411e-007
				,-1
				,2.38419e-007
				,-1.3411e-007
				,-1
				,2.38419e-007
				,-1.3411e-007
				,2.38419e-007
				,1
				,1.63913e-007
				,2.38419e-007
				,1
				,1.63913e-007
				,2.38419e-007
				,1
				,1.63913e-007
				,2.38419e-007
				,1
				,1.63913e-007
			]
			,"tangents": [
				 -1.78814e-007
				,-1
				,0
				,0
				,-1
				,0
				,-1.78814e-007
				,-1
				,0
				,-1.78814e-007
				,-1
				,0
				,1
				,-1.19233e-007
				,-2.98023e-008
				,1
				,8.94786e-008
				,-2.98023e-008
				,1
				,-1.19233e-007
				,-2.98023e-008
				,1
				,-1.19233e-007
				,-2.98023e-008
				,-4.47035e-008
				,-2.38419e-007
				,1
				,-4.47035e-008
				,-2.38418e-007
				,1
				,-4.47035e-008
				,-2.38419e-007
				,1
				,-4.47035e-008
				,-2.38419e-007
				,1
				,-2.38419e-007
				,-1.78814e-007
				,1
				,-3.27826e-007
				,-1.78814e-007
				,1
				,-2.38419e-007
				,-1.78814e-007
				,1
				,-2.38419e-007
				,-1.78814e-007
				,1
				,-1.3411e-007
				,-2.38419e-007
				,1
				,-1.3411e-007
				,8.9407e-008
				,1
				,-1.3411e-007
				,-2.38419e-007
				,1
				,-1.3411e-007
				,-2.38419e-007
				,1
				,2.38419e-007
				,1.63913e-007
				,-1
				,-2.38419e-007
				,1.63913e-007
				,-1
				,2.38419e-007
				,1.63913e-007
				,-1
				,2.38419e-007
				,1.63913e-007
				,-1
			]
			,"bitangents": [
				 1
				,-2.08616e-007
				,0
				,1
				,-1.19209e-007
				,0
				,1
				,-2.08616e-007
				,0
				,1
				,-2.08616e-007
				,0
				,1.49155e-007
				,-1
				,-4.44517e-015
				,5.96166e-008
				,-1
				,-1.77671e-015
				,1.49155e-007
				,-1
				,-4.44517e-015
				,1.49155e-007
				,-1
				,-4.44517e-015
				,2.98023e-007
				,1
				,1.33227e-014
				,2.98023e-007
				,1
				,-1.19904e-014
				,2.98023e-007
				,1
				,1.33227e-014
				,2.98023e-007
				,1
				,1.33227e-014
				,1
				,-2.83122e-007
				,-3.4639e-014
				,1
				,-2.83122e-007
				,3.4639e-014
				,1
				,-2.83122e-007
				,-3.4639e-014
				,1
				,-2.83122e-007
				,-3.4639e-014
				,-2.38419e-007
				,-1
				,-3.81165e-021
				,-2.38419e-007
				,-1
				,-3.9968e-015
				,-2.38419e-007
				,-1
				,-3.81165e-021
				,-2.38419e-007
				,-1
				,-3.81165e-021
				,1
				,-2.38419e-007
				,4.88497e-015
				,1
				,-2.38419e-007
				,-4.88497e-015
				,1
				,-2.38419e-007
				,4.88497e-015
				,1
				,-2.38419e-007
				,4.88497e-015
			]
			,"numuvcomponents": [
				 2
			]
			,"texturecoords": [
				[
					 0
					,0
					,1
					,0
					,1
					,1
					,0
					,1
					,0.9999
					,0.999899
					,0.000100248
					,0.9999
					,9.998e-005
					,0.000100338
					,0.999899
					,9.998e-005
					,0
					,0
					,1
					,0
					,1
					,1
					,0
					,1
					,0
					,0
					,1
					,0
					,1
					,1
					,0
					,1
					,0
					,0
					,1
					,0
					,1
					,1
					,0
					,1
					,0
					,0
					,1
					,0
					,1
					,1
					,0
					,1
				]
			]
			,"faces": [
				[
					 0
					,1
					,2
				]
				,[
					 0
					,2
					,3
				]
				,[
					 4
					,5
					,6
				]
				,[
					 4
					,6
					,7
				]
				,[
					 8
					,9
					,10
				]
				,[
					 8
					,10
					,11
				]
				,[
					 12
					,13
					,14
				]
				,[
					 12
					,14
					,15
				]
				,[
					 16
					,17
					,18
				]
				,[
					 16
					,18
					,19
				]
				,[
					 20
					,21
					,22
				]
				,[
					 20
					,22
					,23
				]
			]
		}
	]
	,"materials": [
		{
			 "properties": [
				{
					 "key": "?mat.name"
					,"semantic": 0
					,"index": 0
					,"type": 3
					,"value": "Material"
				}
				,{
					 "key": "$clr.diffuse"
					,"semantic": 0
					,"index": 0
					,"type": 1
					,"value": [
						 0.64
						,0.64
						,0.64
					]
				}
				,{
					 "key": "$clr.emissive"
					,"semantic": 0
					,"index": 0
					,"type": 1
					,"value": [
						 0
						,0
						,0
					]
				}
				,{
					 "key": "$clr.ambient"
					,"semantic": 0
					,"index": 0
					,"type": 1
					,"value": [
						 0.9
						,0.9
						,0.9
					]
				}
				,{
					 "key": "$clr.specular"
					,"semantic": 0
					,"index": 0
					,"type": 1
					,"value": [
						 0.25
						,0.25
						,0.25
					]
				}
				,{
					 "key": "$mat.shinpercent"
					,"semantic": 0
					,"index": 0
					,"type": 1
					,"value": 9.60784
				}
				,{
					 "key": "$mat.shininess"
					,"semantic": 0
					,"index": 0
					,"type": 1
					,"value": 9.60784
				}
				,{
					 "key": "$tex.file"
					,"semantic": 1
					,"index": 0
					,"type": 3
					,"value": "MODELOSV2\\suelo\\cesped.jpg"
				}
				,{
					 "key": "$tex.uvtrafo"
					,"semantic": 1
					,"index": 0
					,"type": 1
					,"value": [
						 0
						,0
						,1
						,1
						,0
					]
				}
				,{
					 "key": "$tex.uvwsrc"
					,"semantic": 1
					,"index": 0
					,"type": 4
					,"value": 0
				}
			]
		}
	]
	,"lights": [
		{
			 "name": "Lamp"
			,"type": 2
			,"attenuationconstant": 0
			,"attenuationlinear": 1
			,"attenuationquadratic": 1
			,"diffusecolor": [
				 100
				,100
				,100
			]
			,